<?xml version='1.0' encoding='utf-8'?>
<!DOCTYPE hibernate-configuration PUBLIC
    "-//Hibernate/Hibernate Configuration DTD//EN"
    "http://hibernate.sourceforge.net/hibernate-configuration-3.0.dtd">
 
<hibernate-configuration>
    <session-factory>
        <property name="hibernate.id.new_generator_mappings">false</property>
        
		<property name="hibernate.connection.driver_class">com.mysql.jdbc.Driver</property>
		<property name="hibernate.connection.url">jdbc:mysql://localhost:3306/dxc</property>
		<property name="hibernate.connection.username">root</property>
		<property name="hibernate.connection.password">Premsiddharth_06</property>
		<property name="hibernate.dialect">org.hibernate.dialect.MySQL5Dialect</property>
		<property name="current_session_context_class">thread</property>
		<property name="show_sql">true</property>
		<property name="hbm2ddl.auto">update</property>
		<mapping class="com.ecommerce.entity.User"/>
        
    </session-factory>
</hibernate-configuration>

